titre,url,date
Région PACA. Les maires d’Aix-Marseille-Provence négocient la répartition de 144 millions d’euros de coupes budgétaires,https://nicepresse.com/coupes-budgetaires-aix-marseille-provence-metropole/,2026-06-24
Les députés du groupe d’Eric Ciotti quittent l’hémicycle face à l’obstruction de la gauche sur le mariage des étrangers,https://nicepresse.com/les-deputes-du-groupe-deric-ciotti-lhemicycle-face-a-lobstruction-de-la-gauche-sur-le-mariage-des-etrangers/,2026-06-25
Région PACA. La justice réclame la fermeture définitive du temple marseillais de la contrefaçon,https://nicepresse.com/region-paca-la-justice-reclame-la-fermeture-definitive-du-temple-marseillais-de-la-contrefacon/,2026-06-25
"Région PACA : un bébé de 18 mois meurt de chaud, laissé seul dans une voiture",https://nicepresse.com/region-paca-un-bebe-de-18-mois-meurt-de-chaud-laisse-seul-dans-une-voiture/,2026-06-26
Trafic de drogues en région PACA : une expédition meurtrière se trompe de palier et tue une femme innocente,https://nicepresse.com/trafic-de-drogues-en-region-paca-une-expedition-meurtriere-se-trompe-de-palier-et-tue-une-femme-innocente/,2026-06-08
Région PACA : des pylônes géants menacent les oiseaux migrateurs de Camargue,https://nicepresse.com/region-paca-des-pylones-geants-menacent-les-oiseaux-migrateurs-de-camargue/,2026-06-08
Région PACA : la nouvelle mairie RN coupe définitivement les vivres au Planning familial,https://nicepresse.com/region-paca-la-nouvelle-mairie-rn-coupe-definitivement-les-vivres-au-planning-familial/,2026-06-08
Région PACA : un vaste réseau de logements insalubres marseillais stoppé net par la justice,https://nicepresse.com/region-paca-un-vaste-reseau-de-logements-insalubres-marseillais-stoppe-net-par-la-justice/,2026-06-08
« Mafias » en région PACA : l’homme qui recrutait des tueurs à gages mineurs pour les quartiers nord de Marseille à la barre,https://nicepresse.com/mafias-en-region-paca-lhomme-qui-recrutait-des-tueurs-a-gages-mineurs-pour-les-quartiers-nord-de-marseille-a-la-barre/,2026-05-11
Les féministes se mobilisent en région PACA autour d’un procès pour des actes de tortures : « la pire vision de l’enfer qu’on puisse imaginer »,https://nicepresse.com/collectifs-feministes-proces-paca/,2026-05-18
"Stupeur après le cambriolage d’un particulier en Corse, une quinzaine d’armes dont un fusil d’assaut AK-47 se sont volatilisés",https://nicepresse.com/cambriolage-corse-armes/,2026-05-19
Région PACA : le RN et l’UDR d’Éric Ciotti continuent de rallier des personnalités des Républicains juste avant les sénatoriales,https://nicepresse.com/rn-udr-eric-ciotti-senatoriales/,2026-05-19
Var. Le saut mortel d’une femme et de ses enfants du haut de 13 étages déchire ce quartier de Toulon,https://nicepresse.com/var-le-saut-mortel-dune-femme-et-de-ses-enfants-du-haut-de-13-etages-dechire-ce-quartier-de-toulon/,2026-05-20
Région PACA : des travaux sans autorisation au Château de La Barben menacent l’avenir de ce grand parc d’attractions de Provence,https://nicepresse.com/region-paca-chateau-la-barben-polemique/,2026-05-27
Région PACA. Ce dentiste risque la prison après avoir facturé des milliers d’actes totalement fictifs,https://nicepresse.com/region-paca-affaire-escroquerie-dentiste/,2026-05-28
Pollution : les rejets d’huile nocive se terminent par un accord financier XXL en Provence-Alpes-Côte d’Azur,https://nicepresse.com/pollution-rejets-huile-provence/,2026-05-28
Région PACA. Une femme de 25 ans retrouvée sans vie à après avoir été poignardée à 58 reprises,https://nicepresse.com/region-paca-une-femme-de-25-ans-retrouvee-sans-vie-a-apres-avoir-ete-poignardee-a-58-reprises/,2026-06-05
Un géant industriel choisit la région PACA pour un investissement colossal de 600 millions d’euros,https://nicepresse.com/investissement-600-millions-euros-region-paca-fos-mer/,2026-06-05
Région PACA. Le feu ravage une cellule de la prison des Baumettes à Marseille et tue un prisonnier,https://nicepresse.com/marseille-incendie-baumettes-mort-detenu/,2026-06-09
Les débats sur l’autonomie de la Corse s’ouvrent à l’Assemblée sous l’ombre de la menace de la mafia,https://nicepresse.com/autonomie-corse-debats-mafia/,2026-06-16
"En Corse, les victimes de violences pourront demander les motifs exacts du classement sans suite de leur plainte",https://nicepresse.com/en-corse-les-victimes-de-violences-pourront-demander-les-motifs-exacts-du-classement-sans-suite-de-leur-plainte/,2026-06-16
Jeux olympiques d’hiver dans les Alpes françaises : les organisateurs des JO 2030 dévoilent leurs « montagnes de lumière »,https://nicepresse.com/jo-hiver-2030-logo-montagne-lumiere/,2026-06-18
L’accusé des assises du Var cachait des dizaines de vidéos de viols d’ex compagnes inertes sur son ordinateur professionnel,https://nicepresse.com/laccuse-des-assises-du-var-cachait-des-dizaines-de-videos-de-viols-dex-compagnes-inertes-sur-son-ordinateur-professionnel/,2026-06-24
"Les soldes débutent sous des chaleurs inédites touchant 90 % des Français, poussant la clientèle vers les grands magasins climatisés",https://nicepresse.com/soldes-ete-2026-canicule-fortes-chaleurs/,2026-06-24
16 ans de prison dans le Var pour le consultant qui étranglait ses compagnes jusqu’à l’évanouissement avant de les violer,https://nicepresse.com/16-ans-de-prison-dans-le-var-pour-le-consultant-qui-etranglait-ses-compagnes-jusqua-levanouissement-avant-de-les-violer/,2026-06-26
La justice valide l’approvisionnement en bois de la plus grande centrale de France en région PACA,https://nicepresse.com/la-justice-valide-lapprovisionnement-en-bois-de-la-plus-grande-centrale-de-france-en-region-paca/,2026-06-26
Les sans-abri cherchent désespérément de l’ombre face aux températures extrêmes en région PACA,https://nicepresse.com/les-sans-abri-cherchent-desesperement-de-lombre-face-aux-temperatures-extremes-en-region-paca/,2026-06-26
Canicule. Les cyclistes du Tour de France affrontent des températures extrêmes sous un protocole strict,https://nicepresse.com/canicule-les-cyclistes-du-tour-de-france-affrontent-des-temperatures-extremes-sous-un-protocole-strict/,2026-06-29
Fortes chaleurs. Les horaires de travail de 8 h à 15 h à Madrid inspirent le gouvernement français face à la canicule,https://nicepresse.com/fortes-chaleurs-les-horaires-de-travail-de-8-h-a-15-h-a-madrid-inspirent-le-gouvernement-francais-face-a-la-canicule/,2026-06-29
Corse - Méditerranée : trois hommes mis en cause pour une série de destructions par le feu entre Calvi et le Fiumorbo,https://nicepresse.com/corse-mediterranee-trois-hommes-mis-en-cause-pour-une-serie-de-destructions-par-le-feu-entre-calvi-et-le-fiumorbo/,2026-06-29
Les enquêteurs confisquent près de dix millions d’euros lors d’un vaste coup de filet anti-drogue en France et en Belgique,https://nicepresse.com/les-enqueteurs-confisquent-pres-de-dix-millions-deuros-lors-dun-vaste-coup-de-filet-anti-drogue-en-france-et-en-belgique/,2026-06-29
La justice éloigne du Vaucluse un animateur de centre aéré soupçonné d’agressions sur des enfants,https://nicepresse.com/la-justice-eloigne-du-vaucluse-un-animateur-de-centre-aere-soupconne-dagressions-sur-des-enfants/,2026-06-29
Violences : les agressions de maires s’envolent,https://nicepresse.com/violences-les-agressions-de-maires-senvolent/,2026-06-30
