titre,url,date,categorie,chapeau
Denver Nuggets : Peyton Watson plus que jamais en instance de départ ?,https://trashtalk.co/2026/07/27/denver-nuggets-peyton-watson-plus-que-jamais-en-instance-de-depart/,2026-07-27,News NBA,Bientôt une nouvelle tunique pour P-Wat ?
Mario Hezonja rejoint les Cavs : il est là le remplaçant de LeBron James !,https://trashtalk.co/2026/07/27/mario-hezonja-rejoint-les-cavs-il-est-la-le-remplacant-de-lebron-james/,2026-07-27,News NBA,
Les Nuggets conservent Spencer Jones : Denver dans le Second Apron !,https://trashtalk.co/2026/07/27/les-nuggets-conservent-spencer-jones-denver-dans-le-second-apron/,2026-07-27,News NBA,
"Le transfert de Jaylen Brown, tournant dans l’arrivée de LeBron James aux Sixers",https://trashtalk.co/2026/07/25/le-transfert-de-jaylen-brown-tournant-dans-larrivee-de-lebron-james-aux-sixers/,2026-07-25,News NBA,
"Avec LeBron James, les Sixers sont-ils désormais favoris à l’Est ?",https://trashtalk.co/2026/07/25/avec-lebron-james-les-sixers-sont-ils-desormais-favoris-a-lest/,2026-07-25,News NBA,"Avec LeBron James, les Sixers sont-ils désormais favoris à l’Est ?"
Le gouverneur de Pennsylvanie proclame le 24 juillet comme étant le LeBron James Day,https://trashtalk.co/2026/07/24/le-gouverneur-de-pennsylvanie-proclame-le-24-juillet-comme-etant-le-lebron-james-day/,2026-07-24,News NBA,Le gouverneur de Pennsylvanie proclame le 24 juillet comme étant le LeBron James Day
La vidéo Instagram de LeBron James qui annonce sa venue aux Sixers,https://trashtalk.co/2026/07/24/la-video-instagram-de-lebron-james-qui-annonce-sa-venue-aux-sixers/,2026-07-24,News NBA,La vidéo Instagram de LeBron James qui annonce sa venue aux Sixers
« SÉRIEUX ?! » : les réactions à la signature de LeBron James aux Philadelphia Sixers,https://trashtalk.co/2026/07/24/serieux-les-reactions-a-la-signature-de-lebron-james-aux-philadelphia-sixers/,2026-07-24,News NBA,« SÉRIEUX ?! » : les réactions à la signature de LeBron James aux Philadelphia Sixers
LeBron James aux Sixers : « Je voulais une chance de gagner un autre titre »,https://trashtalk.co/2026/07/24/lebron-james-je-voulais-une-chance-de-gagner-un-autre-titre/,2026-07-24,News NBA,LeBron James aux Sixers : « Je voulais une chance de gagner un autre titre »
Officiel : LeBron James signe aux Philadelphia 76ers !!!,https://trashtalk.co/2026/07/24/officiel-lebron-james-signe-aux-philadelphia-76ers/,2026-07-24,News NBA,Officiel : LeBron James signe aux Philadelphia 76ers !!!
Matisse Thybulle débarque aux Lakers : de la défense pour entourer Luka Doncic,https://trashtalk.co/2026/07/21/matisse-thybulle-debarque-aux-lakers-de-la-defense-pour-entourer-luka-doncic/,2026-07-21,News NBA,Matisse Thybulle débarque aux Lakers : de la défense pour entourer Luka Doncic
Zaccharie Risacher fait ses adieux aux Hawks : « Atlanta est devenu ma maison »,https://trashtalk.co/2026/07/21/zaccharie-risacher-fait-ses-adieux-aux-hawks-atlanta-est-devenu-ma-maison/,2026-07-21,News NBA,Zaccharie Risacher fait ses adieux aux Hawks : « Atlanta est devenu ma maison »
Luguentz Dort à Atlanta : la défense des Hawks de plus en plus flippante,https://trashtalk.co/2026/07/20/luguentz-dort-a-atlanta-la-defense-des-hawks-de-plus-en-plus-flippante/,2026-07-20,News NBA,Luguentz Dort à Atlanta : la défense des Hawks de plus en plus flippante
Lu Dort est parti… une page se tourne à Oklahoma City !,https://trashtalk.co/2026/07/20/lu-dort-est-parti-une-page-se-tourne-a-oklahoma-city/,2026-07-20,News NBA,Lu Dort est parti… une page se tourne à Oklahoma City !
OKC lâche Lu Dort pour 3 seconds tours de Draft… Sam Presti continue son numéro d’équilibriste !,https://trashtalk.co/2026/07/20/okc-lache-lu-dort-pour-3-seconds-tours-de-draft-sam-presti-continue-son-numero-dequilibriste/,2026-07-20,News NBA,OKC lâche Lu Dort pour 3 seconds tours de Draft… Sam Presti continue son numéro d’équilibriste !
"Zaccharie Risacher, un nouveau départ à Dallas ?",https://trashtalk.co/2026/07/20/zaccharie-risacher-un-nouveau-depart-a-dallas/,2026-07-20,News NBA,"Zaccharie Risacher, un nouveau départ à Dallas ?"
"Zaccharie Risacher transféré à Dallas, Luguentz Dort part chez les Hawks !",https://trashtalk.co/2026/07/19/zaccharie-risacher-transfere-a-dallas-luguentz-dort-part-chez-les-hawks/,2026-07-19,News NBA,"Zaccharie Risacher transféré à Dallas, Luguentz Dort part chez les Hawks !"
« Il pourrait finir comme l’un des meilleurs de l’histoire » : Giannis Antetokounmpo admiratif de Lionel Messi,https://trashtalk.co/2026/07/19/il-pourrait-finir-comme-lun-des-meilleurs-de-lhistoire-giannis-antetokounmpo-admiratif-de-lionel-messi/,2026-07-19,News NBA,« Il pourrait finir comme l’un des meilleurs de l’histoire » : Giannis Antetokounmpo admiratif de Lionel Messi
« Je lui ai donné un cheat code » : Anthony Edwards a appelé KAT avant chaque match des Finales NBA,https://trashtalk.co/2026/07/19/je-lui-ai-donne-un-cheat-code-anthony-edwards-a-appele-kat-avant-chaque-match-des-finales-nba/,2026-07-19,News NBA,« Je lui ai donné un cheat code » : Anthony Edwards a appelé KAT avant chaque match des Finales NBA
Caleb Wilson adoubé par Kevin Garnett et surnommé « Little Ticket »,https://trashtalk.co/2026/07/19/caleb-wilson-adoube-par-kevin-garnett-et-surnomme-little-ticket/,2026-07-19,News NBA,Caleb Wilson adoubé par Kevin Garnett et surnommé « Little Ticket »
